molecule	log2FC	p	p_FDR	Regulation
1	-44.2288794303321	4.657967356282217e-06		Down
2	0.2752656595974415	0.698178486367806		Not significant
3	-43.201028021329286	0.11627278524383808		Not significant
4	-45.26992003056096	2.9445673853156753e-05		Down
5	-10.144825524885364	0.07951205078483084		Not significant
6	-39.774681707040564	0.0002953726343580132		Down
7	39.08354387010762	0.3739009663000589		Not significant
8	1.1934819406934227	0.048927910338995066		Up
9	41.526984583015405	0.373900966300059		Not significant
10	40.55146752673455	0.3739009663000589		Not significant
11	0.0			Not significant
12	34.76843619378369	0.1542553491025405		Not significant
13	-40.062805085856894	0.1609797081054382		Not significant
14	-42.188961927441476	0.002301056885972944		Down
15	-41.384992326533194	9.1658448417376e-06		Down
16	-40.55720875005662	0.11434010962506028		Not significant
17	-42.064038093443585	0.11175443134466063		Not significant
18	-41.21248189487376	0.09310401428281082		Not significant
19	3.4048122985370597	0.021268711761205872		Up
20	6.514229959846635	0.01818689551603949		Up
21	-41.78666779574121	0.08892215262387199		Not significant
22	-37.12271095651886	0.373900966300059		Not significant
23	0.0			Not significant
24	39.95090774916826	0.07125307508425013		Not significant
25	-41.339500160499135	0.018328779551782817		Down
26	-40.42505791034419	0.3739009663000589		Not significant
27	0.0			Not significant
28	0.0			Not significant
29	-40.80001567478193	0.12728554113057303		Not significant
30	-0.5781887105408221	0.14834840374403221		Not significant
31	-1.3299435313487078	0.001361947722162703		Down
32	-41.21138362966828	0.05465110346597393		Not significant
33	-44.08523823498686	0.1194324114705342		Not significant
34	-40.10808789977355	0.10830067606765408		Not significant
35	-39.62092912822809	0.00048731358999258383		Down
36	37.60572818737636	0.373900966300059		Not significant
37	4.61268150034642	0.008439504684989661		Up
38	-36.39361614710918	0.07852553873441714		Not significant
39	39.54700962469347	0.14718662664226323		Not significant
40	39.778751041953186	0.3739009663000589		Not significant
41	-38.64159235135559	0.0055279966913055565		Down
42	-39.374873882473565	0.013851970245154747		Down
43	36.89945133877036	0.1541373213796843		Not significant
44	-39.5245497541242	0.03907278592529699		Down
45	-39.306975076618535	0.097887096597251		Not significant
46	-40.74922731906526	0.00269897347477719		Down
47	-41.04187349045557	0.0066460403792773185		Down
48	-40.014149923603064	0.0550159808470773		Not significant
49	-7.856651157986799	1.2263974744323098e-08		Down
50	-35.782982969626744	0.16077522740736955		Not significant
51	-39.11115068072499	0.06671262015971093		Not significant
52	-41.01584932996438	0.22033600169670095		Not significant
53	36.866584213119836	0.373900966300059		Not significant
54	-39.94821796373944	0.11611654847234947		Not significant
55	-39.749039981015436	0.0051595281137812405		Down
56	0.0			Not significant
57	0.0			Not significant
58	39.92914207899922	0.373900966300059		Not significant
59	-39.84728999695349	0.05625052397673152		Not significant
60	36.661843080638725	0.373900966300059		Not significant
61	-37.62918539305366	0.021761185150831898		Down
62	-39.873878075424166	0.05250493838645034		Not significant
63	-38.59388553623995	0.028340978641207028		Down
64	36.97330574650098	0.3739009663000589		Not significant
65	-35.3015256471765	0.186384274492954		Not significant
66	-39.20319825969766	0.09945628329172727		Not significant
67	0.0			Not significant
68	0.0			Not significant
69	-40.410204221972016	0.09052530736564816		Not significant
70	-7.406364063184399	0.11711029972834547		Not significant
71	36.643385457394736	0.373900966300059		Not significant
72	36.81339565334661	0.24309258419480106		Not significant
73	-43.631431386423046	0.05987652875178654		Not significant
74	0.0			Not significant
75	-0.5440622659593459	0.2068703096583214		Not significant
76	0.0			Not significant
77	-1.0510027814536926	0.046756277798333086		Down
78	-2.574607228582609	0.0451074181986767		Down
79	-7.789364957729341	0.07784051921368959		Not significant
80	-0.08726283910321006	0.9590452499226101		Not significant
81	-4.212890892891719	0.10962763292314025		Not significant
82	-36.69927896665054	0.09925409944814335		Not significant
83	-36.45689677378369	0.0768875555651312		Not significant
84	-40.22197490425859	0.020850921449355807		Down
85	38.0237889451102	0.22391738680732784		Not significant
86	-43.68893548374972	0.00519005096110788		Down
87	0.0			Not significant
88	0.0			Not significant
89	-40.127043966876016	0.014098080969021985		Down
90	0.0			Not significant
91	0.0			Not significant
92	0.0			Not significant
93	-43.35129361442166	0.008132348028398968		Down
94	-42.401005580746784	0.02718495185067939		Down
95	0.0			Not significant
96	0.0			Not significant
97	38.34783281509483	0.3739009663000589		Not significant
98	0.0			Not significant
99	0.0			Not significant
100	36.98594349134325	0.373900966300059		Not significant
101	-6.2943884561953185	0.02983823227248133		Down
102	-9.752643628314654	0.15167864062822398		Not significant
103	36.28050219248923	0.3739009663000589		Not significant
104	-36.80389439540878	0.12445656756362695		Not significant
105	-39.6070687628621	0.11634596715494719		Not significant
106	39.13148593018108	0.3739009663000589		Not significant
107	0.0			Not significant
108	35.571371258396844	0.373900966300059		Not significant
109	-41.88808026688642	0.006000515194130152		Down
110	-40.621415536296574	0.11346935485404179		Not significant
111	-1.5519853410972904	0.10572079291779636		Not significant
112	-38.26056895620915	0.06093715491695581		Not significant
113	36.274461386947806	0.373900966300059		Not significant
114	-34.788240086748544	0.1253912880796881		Not significant
115	3.4607164130885466	0.24512760586208898		Not significant
116	-39.53067168243196	0.11733610760595907		Not significant
117	36.15003796373556	0.3739009663000589		Not significant
118	-37.66630923313001	0.017220755884511676		Down
119	-1.8827441762859063	0.08565883141533322		Not significant
120	37.347043801233674	0.373900966300059		Not significant
121	-0.20854188534765258	0.9238365283962127		Not significant
122	2.0278463463142424	0.22062338018299749		Not significant
123	-37.39633682541158	0.04564446321719415		Down
124	-39.02778235782313	0.1338436209200876		Not significant
125	36.5708220013458	0.22579455604549373		Not significant
126	-37.9032685006934	0.08357437890302787		Not significant
127	36.66262927117502	0.29786272113616424		Not significant
128	-1.9996260595614566	0.1931271533417591		Not significant
129	37.254120839958645	0.373900966300059		Not significant
130	36.35430188056097	0.06740901960111546		Not significant
131	37.127648492666964	0.0034099140287630223		Up
132	-0.5509409162669694	0.4663143205395031		Not significant
133	37.56203543064782	0.373900966300059		Not significant
134	-1.7554934901807937	0.1773763312725136		Not significant
135	-0.70906579418936	0.4718111443376271		Not significant
136	-32.65450386035046	0.3739009663000589		Not significant
137	-42.09503529609999	0.053579693096697606		Not significant
138	-39.53421228001891	0.07324800334237905		Not significant
139	-40.19208115392947	0.08635661838163755		Not significant
140	-38.73437725176552	0.12521732974177455		Not significant
141	-1.6984628618251496	0.058083089504678644		Not significant
142	36.80307470191841	0.004274498540018112		Up
143	-39.42741646072281	0.11640390017352023		Not significant
144	36.38047968065549	0.11904717733730195		Not significant
145	34.886617069722156	0.36708970254457485		Not significant
146	-32.73048778512138	0.373900966300059		Not significant
147	-36.62927051885411	0.14501005724570146		Not significant
148	36.30934395430048	0.373900966300059		Not significant
149	37.02049066071367	0.373900966300059		Not significant
150	0.0			Not significant
151	-0.6137512125185675	0.5495236576510449		Not significant
152	4.357022903253291	0.16111757350296294		Not significant
153	-35.584939708986326	0.1227418009679744		Not significant
154	-43.97274443130005	0.08457454069899811		Not significant
155	-44.837004008434796	0.08064547438454343		Not significant
156	36.051874969292875	0.373900966300059		Not significant
157	37.50468883986647	0.373900966300059		Not significant
158	36.294551600732255	0.373900966300059		Not significant
159	-41.53378751926132	0.09465816008404303		Not significant
160	-0.16592013636582306	0.8937261237832959		Not significant
161	0.0			Not significant
162	0.0			Not significant
163	-1.1100207585038993	0.16999400488935631		Not significant
164	0.0			Not significant
165	-1.4650762667921002	0.11173924636393591		Not significant
166	36.11345780312333	0.373900966300059		Not significant
167	-37.95888894237902	0.1163646492366164		Not significant
168	0.0			Not significant
169	0.0			Not significant
170	0.0			Not significant
171	-41.72602524983412	0.06757205477392428		Not significant
172	38.07811553474328	0.373900966300059		Not significant
173	38.61021593972397	0.23232758186482647		Not significant
174	-38.776038018362215	0.2806983119920064		Not significant
175	35.986942879380756	0.373900966300059		Not significant
176	-37.82940499310443	0.1515870471793413		Not significant
177	-39.38523575276533	0.12904730816632515		Not significant
178	-0.586265554035273	0.6156402011235167		Not significant
179	-37.81055861057753	0.15954220071304612		Not significant
180	-38.382872219860644	0.12648170421200702		Not significant
181	-32.83270416004212	0.1339617863725044		Not significant
182	34.58722903310562	0.373900966300059		Not significant
183	38.94782162896819	0.373900966300059		Not significant
184	-36.67775892389571	0.011575910602741513		Down
185	-38.68557265172758	0.001347965663400362		Down
186	39.91608062602851	0.3739009663000589		Not significant
187	-34.76010007744558	0.1480181519074786		Not significant
188	-4.159275775188936	0.2910119591828573		Not significant
189	37.587670977362876	0.2967596057707302		Not significant
190	0.0			Not significant
191	0.0			Not significant
192	0.0			Not significant
193	0.0			Not significant
194	0.0			Not significant
195	-36.99755191453506	0.12849869118043977		Not significant
196	-36.81152822945899	0.22308608130299		Not significant
197	-37.484282357912925	0.11407495209039507		Not significant
198	-38.765627234817416	0.12386664199947198		Not significant
199	-34.13193145249055	0.2247601021709576		Not significant
200	-35.681250089958276	0.12918970707631808		Not significant
201	35.69439212533132	0.373900966300059		Not significant
202	-38.08851948298114	0.029131287567514104		Down
203	-43.12183592420966	0.09018065783068242		Not significant
204	-35.62449485989474	0.14976996348660815		Not significant
205	-36.85279744739361	0.11739596975282215		Not significant
206	-36.58190601661455	0.14664381360572556		Not significant
207	-36.13116749710645	0.19822889720808656		Not significant
208	38.02353693366999	0.3739009663000589		Not significant
209	-2.7711886652706603	0.08284741263694301		Not significant
210	-37.189359121072684	0.08929530870777762		Not significant
211	-37.6449452161872	0.13898489292783883		Not significant
212	-37.43896740393423	0.005963513618522503		Down
213	0.0			Not significant
214	-38.48830784214397	0.15706336470203844		Not significant
215	-36.43451481422259	0.18160066673111935		Not significant
216	0.0			Not significant
217	0.0			Not significant
218	35.133785645880316	0.373900966300059		Not significant
219	35.286123417077334	0.373900966300059		Not significant
220	38.697617742100185	0.3739009663000589		Not significant
221	-6.298022462670086	0.12936203670464663		Not significant
222	-37.06345993873091	0.020527295940734897		Down
223	-37.341989665617696	0.11758987350922616		Not significant
224	37.427057917062534	0.3739009663000589		Not significant
225	-2.126931471221048	0.1232253746181694		Not significant
226	36.269895596434345	0.373900966300059		Not significant
227	-37.07508886977862	0.14059509428780376		Not significant
228	-36.90646084879167	0.15613606962486698		Not significant
229	-1.8547298242526207	0.09216288523510086		Not significant
230	-1.0787165197388167	0.4020666908577898		Not significant
231	-2.1803676543937986	0.08562787901936288		Not significant
232	-36.30298160190578	0.12882720153146968		Not significant
233	-40.647222116616206	0.12281315411926641		Not significant
234	38.636004739197446	0.3739009663000589		Not significant
235	37.935190971442324	0.373900966300059		Not significant
236	-35.68661069236197	0.12433423182986818		Not significant
237	0.0			Not significant
238	0.0			Not significant
239	-37.091246446106865	0.07664600383351017		Not significant
240	0.0			Not significant
241	0.0			Not significant
242	-2.0145183331806105	0.09397389231692954		Not significant
243	-2.3385126749920295	0.05010702213010455		Not significant
244	-37.03803350023948	0.11977676853254458		Not significant
245	36.480919022038975	0.373900966300059		Not significant
246	-1.9385517836759263	0.1076362252104471		Not significant
247	-3.1927796575293415	0.052930854707169926		Not significant
248	-42.46903140185385	0.0015308386504457223		Down
249	-37.02139587551905	0.14181632719473802		Not significant
250	-39.643158188132716	0.09808056397027076		Not significant
251	36.82620814346707	0.2434780586641813		Not significant
252	36.44936906274257	0.3739009663000589		Not significant
253	-3.9578415129774425	0.05422270267976326		Not significant
254	37.31232844567569	0.3739009663000589		Not significant
255	37.81427489759185	0.3739009663000589		Not significant
256	-39.08135167936132	0.07738376743842519		Not significant
257	0.0			Not significant
258	0.0			Not significant
259	0.0			Not significant
260	-2.0784690135053747	0.06836208620508065		Not significant
261	-1.8602626222661107	0.05218534408911319		Not significant
262	-1.9161338887105885	0.04492095627500259		Down
263	-38.2007029664814	0.13901899026473735		Not significant
264	39.37339524256651	0.17397759903815424		Not significant
265	-4.839003304255649	0.03965202740255364		Down
266	35.84920715105162	0.373900966300059		Not significant
267	-0.833820344218738	0.6983261344272148		Not significant
268	36.390288099988354	0.3739009663000589		Not significant
269	36.9295077641461	0.2428331729863849		Not significant
270	-38.836242926257526	0.0786390785043951		Not significant
271	-38.863041390536736	0.10535885881495195		Not significant
272	0.0			Not significant
273	0.0			Not significant
274	0.0			Not significant
275	36.71113737944081	0.3739009663000589		Not significant
276	-36.69751275705368	0.11735198675023759		Not significant
277	6.049590359559867	0.02397462326401608		Up
278	-41.15102925741641	0.04462759651700833		Down
279	-39.477938860081686	0.08305969722471758		Not significant
280	-35.763871133206415	0.13453826078894582		Not significant
281	36.7924043917436	0.1082295800474551		Not significant
282	-37.43352181034012	0.06119304503032211		Not significant
283	3.083858453426035	0.0472854999723847		Up
284	-42.278194727316034	0.09421985959710073		Not significant
285	-3.215961245821942	0.11859029838777502		Not significant
286	-38.90475151914386	0.08212350942207455		Not significant
287	4.85887352451657	0.30003948873988007		Not significant
288	-5.209685476473987	0.047778968074902846		Down
289	-36.501948161843984	0.057738206447371675		Not significant
290	-2.5671136293409513	0.10559380652576669		Not significant
291	-2.6155816717599722	0.06387373865524988		Not significant
292	37.71874355423908	0.373900966300059		Not significant
293	0.0			Not significant
294	0.0			Not significant
295	-6.666316193771477	0.025923284713816525		Down
296	0.0			Not significant
297	-1.8928182076984383	0.0986389123859008		Not significant
298	0.0			Not significant
299	-1.5541470852901282	0.03382266132090256		Down
300	0.0			Not significant
301	-0.977951538687738	0.21030695953975262		Not significant
302	-36.359664199708774	0.11874690959695638		Not significant
303	-1.404384322090884	0.3343995512991158		Not significant
304	-1.1225808540328244	0.11108958631463166		Not significant
305	0.5843356187038323	0.5778035559629026		Not significant
306	0.21767366079420222	0.7315014907173848		Not significant
307	-37.226977239324526	0.1223499458177914		Not significant
308	-3.1517073585556243	0.021040097866297416		Down
309	-2.3955098927501988	0.06566048785373152		Not significant
310	37.33722029825097	0.3739009663000589		Not significant
311	2.4570252675830524	0.31117146354553693		Not significant
312	-36.46230598902718	0.06506237597470658		Not significant
313	-6.1572985414609125	0.07495289853776281		Not significant
314	37.79810331006328	0.20063663339975382		Not significant
315	-1.2148773688251302	0.3907527557961924		Not significant
316	6.882558105545956	0.12586821541331739		Not significant
317	-2.169793852522309	0.18111688002478807		Not significant
318	-37.16012820268123	0.09982355916929904		Not significant
319	37.526183887607765	0.373900966300059		Not significant
320	-36.92139181930317	0.12506251489635892		Not significant
321	-1.9197659036394799	0.041182962694001735		Down
322	-36.546702980305305	0.16090377168779327		Not significant
323	-1.4142344337374972	0.06644515576349115		Not significant
324	-1.6759622064877917	0.14298170300423985		Not significant
325	-33.645904574730025	0.11990708891961752		Not significant
326	2.7343131544287647	0.03287757121352554		Up
327	-1.437941179991848	0.19417035204243874		Not significant
328	-38.23343704810341	0.06530690317281354		Not significant
329	-33.93079100933663	0.11699991911033285		Not significant
330	38.638554334230896	0.21457345899783362		Not significant
331	-1.8471851930004364	0.10048308525867349		Not significant
332	-1.195402029579878	0.06036234118821339		Not significant
333	-1.3819116452069717	0.04183182727826453		Down
334	-1.2922822758979153	0.04719038362238821		Down
335	-1.5850509534280146	0.04320349064387874		Down
336	1.9583879421469246	0.09206670741203074		Not significant
337	-1.7973009977082302	0.145391905265766		Not significant
338	1.1324531963032043	0.2042117435048749		Not significant
339	-1.0853171791346072	0.1854829688318691		Not significant
340	-0.8576599904340843	0.19313326466296996		Not significant
341	-1.623575608620474	0.04633122526736526		Down
342	-1.5280664418831644	0.14828294410331777		Not significant
343	-38.255620181742465	0.11766099999644661		Not significant
344	-36.84399262281597	0.06667303598573289		Not significant
345	37.104122066073934	0.373900966300059		Not significant
346	-34.15194685678498	0.23190639884033556		Not significant
347	-36.782356241966795	0.02598341354864201		Down
348	-39.72575619356643	0.030523282154774328		Down
349	-1.291260842171796	0.20296026031910125		Not significant
350	0.0			Not significant
351	0.0			Not significant
352	32.700943412242886	0.373900966300059		Not significant
353	-33.947130363834056	0.004768179098213622		Down
354	38.78002687613256	0.3739009663000589		Not significant
355	-2.4430767467084653	0.1028516374488892		Not significant
356	-1.0681142765456917	0.055572518866252814		Not significant
357	-1.2000739911494163	0.07450762959920394		Not significant
358	-40.03025549231728	0.1191364767213901		Not significant
359	-1.2682704880183369	0.469438955179934		Not significant
360	2.242274822473235	0.09271265203337868		Not significant
361	-31.901649588095765	0.3739009663000589		Not significant
362	-0.3693334221497724	0.6272114126226467		Not significant
363	-0.27008820465150984	0.7318253212870497		Not significant
364	0.0			Not significant
365	-38.34976319047539	0.0884820814312178		Not significant
366	-3.814059415431888	0.05452746483673593		Not significant
367	0.0			Not significant
368	-1.3586854720581258	0.2251634218862127		Not significant
369	-36.591737580730054	0.12740257125297955		Not significant
370	0.0			Not significant
371	31.567417110132133	0.3739009663000589		Not significant
372	33.11497289035965	0.16011586918702692		Not significant
373	-1.620235276316732	0.11928770315620245		Not significant
374	-2.2007767643730345	0.09495790505311533		Not significant
375	-1.0537188054180209	0.0636566524992603		Not significant
376	-1.2495206372305094	0.053715597385560254		Not significant
377	-0.44968229561434997	0.497718521079933		Not significant
378	39.936379172872854	0.373900966300059		Not significant
379	-38.54690396033026	0.05799944572799293		Not significant
380	3.3402058821016194	0.05671636241289524		Not significant
381	-1.6269857864423292	0.13647399713644165		Not significant
382	0.0			Not significant
383	0.0			Not significant
384	0.0			Not significant
385	-42.448355598852636	0.10258970975491528		Not significant
386	-31.66934453646132	0.373900966300059		Not significant
387	32.11633638809326	0.373900966300059		Not significant
388	-1.9799596507171504	0.12748789629663132		Not significant
389	-0.7544644591550422	0.12669283024936395		Not significant
390	-1.015548905752696	0.05797667173389808		Not significant
391	-35.542145183734654	0.1228270439108432		Not significant
392	-35.13348808367882	0.23064611407217483		Not significant
393	0.18878979394185696	0.8264649771313914		Not significant
394	0.22243658637969543	0.7966906453750239		Not significant
395	0.0			Not significant
396	-1.7473107094354159	0.13494614033371047		Not significant
397	0.0			Not significant
398	0.0			Not significant
399	-1.775788793639201	0.1276867686436809		Not significant
400	-0.645182627670066	0.16970825169186698		Not significant
401	-0.9665722002212276	0.05139664584185911		Not significant
402	0.0			Not significant
403	32.68418274651184	0.373900966300059		Not significant
404	-40.639486519861414	0.1086279012158918		Not significant
405	0.16667626265852395	0.8744534461403518		Not significant
406	-1.2168143470015973	0.26972639249278485		Not significant
407	0.0			Not significant
408	0.0			Not significant
409	-2.3291649245328707	0.09977223134921749		Not significant
410	-0.9720892953725021	0.04667584383045892		Down
411	-0.9866776961401175	0.05668372039541212		Not significant
412	-0.6783449085096273	0.1327602217051925		Not significant
413	0.0			Not significant
414	32.023999239664164	0.373900966300059		Not significant
415	-5.396638778075493	0.02862888677173086		Down
416	37.778617899611056	0.373900966300059		Not significant
417	-38.0489518178815	0.12411446079903941		Not significant
418	-0.49792805697860576	0.4717609622549864		Not significant
419	-0.8971568133369471	0.35634603677789745		Not significant
420	-1.280224532202214	0.22350129696427876		Not significant
421	0.0			Not significant
422	0.0			Not significant
423	-6.521423658670202	0.05088256302361003		Not significant
424	-32.46029883671933	0.373900966300059		Not significant
425	-5.820408879229828	0.040223419300430927		Down
426	34.173320881333126	0.373900966300059		Not significant
427	-1.8840932155411225	0.1097963238538351		Not significant
428	-1.3679381676883011	0.036019189128321215		Down
429	-0.795608885838825	0.08679374560916081		Not significant
430	-1.063181877645582	0.03355363103298525		Down
431	-34.74574728184882	0.15162847223151985		Not significant
432	-42.34563364341572	0.10359220884535092		Not significant
433	-0.3649425334163583	0.868455344396423		Not significant
434	-36.58549651051065	0.15158706487464735		Not significant
435	-1.1247151822130788	0.2745331684138925		Not significant
436	0.0			Not significant
437	0.0			Not significant
438	0.0			Not significant
439	33.03436534085054	0.117506570974636		Not significant
440	-2.1139045251843323	0.09700038600100443		Not significant
441	-0.5545174313768196	0.18390700170456487		Not significant
442	-0.9607257498106582	0.0419689212344123		Down
443	32.775900340579874	0.3739009663000589		Not significant
444	-5.918171978052538	0.057797118087788465		Not significant
445	-37.40503204754764	0.06630171949851439		Not significant
446	-37.97038064748961	0.06198301753359966		Not significant
447	0.0			Not significant
448	-0.5185247815996894	0.38091832831256567		Not significant
449	-1.5953013514324774	0.15816655218133716		Not significant
450	0.0			Not significant
451	0.0			Not significant
452	-0.43269617714057895	0.370232539001188		Not significant
453	-0.7993761363440133	0.09556061635008646		Not significant
454	-0.8609245938469015	0.14786265905660834		Not significant
455	-1.6458807271586744	0.11858261663707616		Not significant
456	0.0			Not significant
457	-3.7179035627828254	0.15051980782508756		Not significant
458	0.0			Not significant
459	-1.1332283872802853	0.26702314407314587		Not significant
460	-0.3274687617121242	0.5006612161692443		Not significant
461	0.30399394381661105	0.6176950677762427		Not significant
462	-0.05956860229979329	0.8891432008221013		Not significant
463	-1.2685401022449023	0.2434678499493764		Not significant
464	-1.101413774907167	0.05760552313717821		Not significant
465	-0.6887172323609905	0.1753653537511896		Not significant
466	0.0			Not significant
467	-3.1407840848534745	0.0976913515345581		Not significant
468	36.28859816220281	0.373900966300059		Not significant
469	-5.511269659501875	0.3023505198729436		Not significant
470	-1.217807757794883	0.28296332831949456		Not significant
471	-0.11689471476199226	0.694002834279656		Not significant
472	0.0			Not significant
473	0.0			Not significant
474	0.0			Not significant
475	-0.8925715960055358	0.3959603095732984		Not significant
476	0.0			Not significant
477	-2.009415770221372	0.13781969461537819		Not significant
478	-0.7537239870540497	0.042824438256677554		Down
479	-0.9855749190742873	0.1521980633398482		Not significant
480	-1.4280998107535283	0.038676546937721316		Down
481	-1.288880111361585	0.26147272210255845		Not significant
482	-3.225698090052522	0.07690280872082793		Not significant
483	0.0			Not significant
484	0.03670981960258903	0.9024124855845361		Not significant
485	0.0			Not significant
486	0.0			Not significant
487	-37.275939404698605	0.06162277972453097		Not significant
488	0.0			Not significant
489	-1.0961291912031417	0.15976192427388913		Not significant
490	-1.5827736820879605	0.0462326591314247		Down
491	-0.7097813877736671	0.022820015076465132		Down
492	-0.54842012022284	0.19655422195764266		Not significant
493	-3.034235922297238	0.07551712155312784		Not significant
494	-1.6081036532620447	0.01448087363638299		Down
495	-2.435594898455081	0.0561337228118218		Not significant
496	-1.3706455483739768	0.25823224914880905		Not significant
497	0.25946592555180664	0.5348496392456641		Not significant
498	0.013836887941655105	0.9647526367194242		Not significant
499	0.0			Not significant
500	0.0			Not significant
501	39.573338575934656	0.373900966300059		Not significant
502	0.0			Not significant
503	-36.57063276320954	0.1250796890495114		Not significant
504	-2.985841526566518	0.08533560580362311		Not significant
505	-0.6255993193094159	0.19870030467490318		Not significant
506	-31.52058997965616	0.373900966300059		Not significant
507	-0.6332721499729232	0.01689141564290166		Down
508	-1.0907749542641474	0.19602683009208124		Not significant
509	-1.6747773947384974	0.07235222399326104		Not significant
510	-0.2259465920116533	0.3771441557657082		Not significant
511	0.049117387401823136	0.9114438159750209		Not significant
512	0.0			Not significant
513	0.0			Not significant
514	-3.212735822386663	0.1675428326661289		Not significant
515	-1.2686389583079851	0.04595430232646668		Down
516	-3.2290609210378163	0.05853156018535121		Not significant
517	-0.41856039619455965	0.10468252836275467		Not significant
518	-1.0037515882088277	0.31029335081400766		Not significant
519	-1.5551582757670708	0.13918567221372227		Not significant
520	0.31389562944082305	0.3376830619410356		Not significant
521	0.6534529773160347	0.23596031922567115		Not significant
522	0.0			Not significant
523	0.0			Not significant
524	0.0			Not significant
525	0.0			Not significant
526	-1.1231213987818915	0.1290142336415459		Not significant
527	-0.747550809327593	0.10978226998779796		Not significant
528	-0.6725794461734507	0.043777042218610625		Down
529	0.0			Not significant
530	-1.3609623720080524	0.20563391451511398		Not significant
531	-36.73234548484335	0.054216923426269215		Not significant
532	-36.92947780066983	0.1326844275808849		Not significant
533	0.013577058607855018	0.9680160291228054		Not significant
534	-3.362336897128161	0.08270368215389674		Not significant
535	-1.2688954631607745	0.07247863041409375		Not significant
536	-1.2491313370307602	0.08112722227098233		Not significant
537	-0.5473535200379132	0.07998810858632822		Not significant
538	0.0			Not significant
539	0.0			Not significant
540	0.0			Not significant
541	0.0			Not significant
542	-3.4184755722066025	0.07482383755462595		Not significant
543	0.2935417779260919	0.49289011025934326		Not significant
544	-1.2042324926397792	0.07585798597281587		Not significant
545	-0.6813487107290077	0.007219720656255359		Down
546	-2.524235981041649	0.07437437096947518		Not significant
547	-37.266263292122446	0.06129106586204108		Not significant
548	0.0			Not significant
549	-1.276719120696815	0.08782560436745099		Not significant
550	-31.504494071519616	0.373900966300059		Not significant
551	-2.949071498317649	0.07247142468558813		Not significant
552	-37.387989740164876	0.05918516856285825		Not significant
553	-1.152448579765301	0.09011163717337667		Not significant
554	-0.6275765456337252	0.07232559149078528		Not significant
555	-4.920190692647846	0.03583110786872174		Down
556	0.0			Not significant
557	-3.035927355382594	0.09115056102947845		Not significant
558	-0.9927217288021171	0.10178238350228272		Not significant
559	-1.0746710737104117	0.08203658869448163		Not significant
560	-0.4440686301686444	0.15936724965900773		Not significant
561	-1.2846350781487348	0.09865014892279796		Not significant
562	-35.77357582918658	0.025611881062248463		Down
563	0.0			Not significant
564	39.110350923670886	0.373900966300059		Not significant
565	-3.6280448225390916	0.046607706787677235		Down
566	-1.1298829250036742	0.08779542218165957		Not significant
567	-0.38120473334165533	0.160687663110483		Not significant
568	-0.7834695711040373	0.08849854157655003		Not significant
569	-1.409561663042473	0.0941494196115714		Not significant
570	-3.4453898349315932	0.08252483493783773		Not significant
571	-4.254028425614183	0.03705698189265078		Down
572	4.809727710317405	0.1270925664007258		Not significant
573	0.0			Not significant
574	0.0			Not significant
575	-1.1666801236110471	0.09260431412954472		Not significant
576	-0.538061575051618	0.18975164545018855		Not significant
577	-0.7046250267006698	0.06438123043920098		Not significant
578	-7.724815906770133	0.043616348456570135		Down
579	0.3111249724860654	0.8237372341495159		Not significant
580	-4.0167728716331546	0.09214769774222412		Not significant
581	-0.9718432304356168	0.015190708084192893		Down
582	-34.77435726321436	0.024165409491385487		Down
583	-4.157046006834842	0.05249611490486261		Not significant
584	-1.66230266910429	0.06871279066578086		Not significant
585	-1.2300698639482164	0.0974967312025107		Not significant
586	-0.8135772449757673	0.0064497955141760415		Down
587	-38.04715266815535	0.04514092096066238		Down
588	0.0			Not significant
589	-39.122798028771356	0.053461687517532275		Not significant
590	-3.4843098123855447	0.11863321655861882		Not significant
591	37.0383431140685	0.3739009663000589		Not significant
592	-2.3037095110368093	0.03339572118805418		Down
593	-1.0795010976416664	0.154840691913768		Not significant
594	-1.243254275729294	0.12896899742121132		Not significant
595	-0.6456331831579836	0.10233536281654933		Not significant
596	-0.767515452052764	0.132183009766485		Not significant
597	-7.045559714783839	0.04078194803000776		Down
598	1.8758360538237524	0.18952806399709454		Not significant
599	-1.5668058174757162	0.06616177791725092		Not significant
600	1.1876848109644906	0.32494064742020756		Not significant
601	-1.0074850112096247	0.0905527837904089		Not significant
602	-4.2633927880164535	0.05001646449116223		Not significant
603	0.6587110433277661	0.388238793644164		Not significant
604	-38.896571793299664	0.029669981145763556		Down
605	-1.3778031535621624	0.019382396289639118		Down
606	-1.3675596729937576	0.12437879879851124		Not significant
607	-0.9076078161580439	0.08937288798192371		Not significant
608	0.0			Not significant
609	-2.0873713006487162	0.05930332220073694		Not significant
610	-1.2595973082658818	0.16841189354995725		Not significant
611	-1.4248529429470314	0.023738075964698145		Down
612	-1.2687301115813503	0.08282492994035609		Not significant
613	-0.2384528240323211	0.7135547554703253		Not significant
614	-39.664598757867324	0.028193575120405934		Down
615	36.46315121938975	0.373900966300059		Not significant
616	34.819163584426676	0.373900966300059		Not significant
617	0.0			Not significant
618	-1.5659086040139427	0.17690220676487745		Not significant
619	-0.9003628176593382	0.0700384822327496		Not significant
620	-6.5774347501923165	0.050569672665311045		Not significant
621	0.0			Not significant
622	-39.14810615843752	0.029449486921824915		Down
623	-1.602200185605294	0.08665221556012943		Not significant
624	-2.04598664742173	0.01859942126137649		Down
625	-1.753445937082284	0.17126022926778986		Not significant
626	-38.64588410448747	0.09447333000220096		Not significant
627	36.622686616094896	0.373900966300059		Not significant
628	-5.736863075915043	0.051244036220702865		Not significant
629	-1.9941900857635846	0.1270131176969102		Not significant
630	-0.5949155071943946	0.5417901117193988		Not significant
631	-2.341995254536489	0.17050964474246988		Not significant
632	-2.2236792052037084	0.144295013504871		Not significant
633	-2.2563758074525557	0.15823076067903177		Not significant
634	-39.39922425191485	0.02777879761559124		Down
635	35.61785660873391	0.373900966300059		Not significant
636	-2.7054853244714927	0.14552974613627706		Not significant
637	1.1665805011220878	0.6175482158714428		Not significant
638	-3.2769109673338885	0.0898271279858562		Not significant
639	-2.97256392453202	0.15744422690273727		Not significant
640	-0.11643039034502495	0.9264680576653253		Not significant
641	-36.81238381015351	0.10686579256516758		Not significant
642	2.396201223766218	0.43442551649120936		Not significant
643	-3.3321905599286117	0.15528389271406173		Not significant
644	-2.1837920478875095	0.06665246511167838		Not significant
645	-3.35705185178404	0.16075194424129172		Not significant
646	-2.560353015142143	0.09072270803440405		Not significant
647	0.0			Not significant
648	-0.6181395717243637	0.4308135529202329		Not significant
649	0.0			Not significant
650	0.0			Not significant
651	0.0			Not significant
652	4.3811642883640545	0.31761435498737667		Not significant
653	2.8999510635164425	0.4043702258843011		Not significant
654	2.8221039613628336	0.39522785290693485		Not significant
655	0.0			Not significant
656	-0.28096493078787743	0.7388265482061718		Not significant
657	-0.6657546542643359	0.5652728399510023		Not significant
658	-0.5841696224611957	0.5613987581728423		Not significant
659	0.0			Not significant
660	0.0			Not significant
661	-2.8627570979229313	0.12798824609325282		Not significant
662	0.39097897225160133	0.806377505292688		Not significant
663	0.22717046844149252	0.8296874384326981		Not significant
664	-0.6281499255422456	0.45006434659953204		Not significant
665	-36.80502307569748	0.03822304810968508		Down
666	-0.30845721046682134	0.8038473931219632		Not significant
667	-0.5082028306352239	0.5709590545522274		Not significant
668	-3.652472387086104	0.058168121217407553		Not significant
669	-3.271665547648717	0.08072249042807511		Not significant
670	-0.41536551098360686	0.6558930191613466		Not significant
671	-5.675723859398227	0.1039599109042133		Not significant
672	0.0			Not significant
673	0.0			Not significant
674	-1.4997140207285307	0.3082325296298684		Not significant
675	-37.60409740976181	0.04964490106682697		Down
676	-4.767663551428114	0.10980733767405193		Not significant
677	-3.745184722713097	0.14593590773613874		Not significant
678	-1.214005098910024	0.3003425122789911		Not significant
679	-36.30740890591605	0.08534911378768734		Not significant
680	-5.554687497670322	0.03847887758231064		Down
681	-5.012499609098487	0.13099069865418142		Not significant
682	-5.238899067474351	0.08392504122330735		Not significant
683	-3.3990063111904343	0.01938459891066225		Down
684	35.69493682887069	0.373900966300059		Not significant
685	-3.9412691690685517	0.19233376963702328		Not significant
686	-2.0874547079708985	0.020505067251738625		Down
687	-2.8038354063398825	0.06787948421060959		Not significant
688	-5.585293123278203	0.04294947005072936		Down
689	0.0			Not significant
690	-2.7043685849735857	0.19182929133264495		Not significant
691	-0.510688244680009	0.615121620912412		Not significant
692	0.0			Not significant
693	-4.006931422895397	0.11072021277359928		Not significant
694	-38.45133947223602	0.04182296482929918		Down
695	-37.70749350088759	0.10440338943615289		Not significant
696	-38.695016606022655	0.02979953204209093		Down
697	-3.920617346671179	0.048611055244796045		Down
698	-2.261152395555599	0.11222519626941216		Not significant
699	-4.569624218187739	0.04744816294445781		Down
700	-5.786078534870126	0.03972147083285161		Down
701	-3.6352129616394633	0.014754102976143612		Down
702	35.224544958781834	0.3665036181033533		Not significant
703	-38.33453507232863	0.05848413887671704		Not significant
704	-36.7484242816901	0.1798722304617811		Not significant
705	35.441154628124316	0.373900966300059		Not significant
706	-39.34111353499292	0.05483668603011518		Not significant
707	-38.97597400238933	0.036412171178756454		Down
708	-36.83057488641002	0.050659965156400366		Not significant
709	1.320689013830384	0.4501595000315292		Not significant
710	-39.507450326447305	0.0651202024956032		Not significant
711	-35.437980966038715	0.13071231559774987		Not significant
712	-35.24255451962954	0.14793793957718032		Not significant
713	35.37286535741816	0.2884863930699384		Not significant
714	0.0			Not significant
715	0.0			Not significant
716	0.0			Not significant
717	0.0			Not significant
718	35.6937434705223	0.2164425469913957		Not significant
719	0.3252415627582846	0.8117575192257067		Not significant
720	-40.76059805056301	0.042231474245148115		Down
721	-40.068871703735994	0.039865208062102475		Down
722	36.32039903675818	0.25506189547198627		Not significant
723	-37.494093537394896	0.05707038372208443		Not significant
724	-36.73414248763346	0.373900966300059		Not significant
725	-35.29054387324732	0.373900966300059		Not significant
726	-35.033662791763575	0.373900966300059		Not significant
727	0.0			Not significant
728	-38.688147488076744	0.0522659087999415		Not significant
729	-39.87279129827479	0.03405649234966229		Down
730	34.69493892118555	0.3739009663000589		Not significant
731	-2.755203055345889	0.15116443997735704		Not significant
732	38.18185572847452	0.3739009663000589		Not significant
733	-1.1157382067257728	0.34344700222869634		Not significant
734	-1.7326868169383811	0.15127354066785678		Not significant
735	0.3257120071270125	0.8821333921809515		Not significant
736	0.0			Not significant
737	-5.536126097993261	0.044476050760214096		Down
738	37.84112410683314	0.373900966300059		Not significant
739	-1.0881796116885014	0.42904084215442484		Not significant
740	-2.101773572978911	0.2932846949293755		Not significant
741	-38.417873623070484	0.0563385430078721		Not significant
742	0.0			Not significant
743	37.14566266260716	0.3739009663000589		Not significant
744	0.0			Not significant
745	-37.04465414876642	0.06142584239409906		Not significant
746	-2.585307090002395	0.07956812315921595		Not significant
747	-36.336047398300316	0.24491606310149872		Not significant
748	-5.414818774210409	0.08147073285451226		Not significant
749	-36.27759996154655	0.23653507109278227		Not significant
750	-37.355077886627015	0.04925672878549871		Down
751	-6.421914507124706	0.019847671574275156		Down
752	-1.9735621649155068	0.3167458971343527		Not significant
753	-36.72842756708727	0.07065858815669698		Not significant
754	-0.07418609740361279	0.9596931328360797		Not significant
755	-35.889891291613246	0.324826512258519		Not significant
756	-35.64263300374959	0.3261025917485806		Not significant
757	-0.45773600553918453	0.7316974231993207		Not significant
758	36.9439386777965	0.24928834665271263		Not significant
759	-5.825193935733994	0.05996501598376254		Not significant
760	-1.436685809178717	0.22892717774710292		Not significant
761	-37.99179587055197	0.04578703228898786		Down
762	-0.7734223527247143	0.5584737529237611		Not significant
763	-38.287932887455256	0.037353336899027416		Down
764	-36.72050788018478	0.05482309655113077		Not significant
765	36.070265879928264	0.373900966300059		Not significant
766	4.192441904586823	0.39866916030050314		Not significant
767	-0.5234888419193401	0.64524834774698		Not significant
768	-39.01418382672073	0.04878567283636139		Down
769	-1.4660634343249441	0.2028859635221562		Not significant
770	-37.22314426815345	0.019492835214635754		Down
771	1.9572211535375181	0.19593494220340513		Not significant
772	-1.5963583231336873	0.21893480406966528		Not significant
773	-35.64494841606857	0.09835431707326531		Not significant
774	-1.9266517767626528	0.16781957754125948		Not significant
775	-1.8455631061832825	0.21090812341108245		Not significant
776	-2.7985031259735695	0.2503208270614139		Not significant
777	-38.327820153129906	0.1181924201372827		Not significant
778	-0.36543027639103615	0.823101818473317		Not significant
779	-4.369749588756933	0.27350767056532754		Not significant
780	-0.5557203982869903	0.6589922735192006		Not significant
781	-35.932504841712735	0.08064628691858532		Not significant
782	-37.707762173733585	0.04193457710563334		Down
783	-1.1402854403290212	0.3783808503932565		Not significant
784	-5.587229101700158	0.28688599454397345		Not significant
785	-4.29704441177374	0.29763260539915376		Not significant
786	-0.6304902880809928	0.6396263534937764		Not significant
787	5.093982585756724	0.3831901306619917		Not significant
788	1.0494950249447739	0.4988186517918208		Not significant
789	-6.812566656259768	0.2718815928791272		Not significant
790	-36.47121149505039	0.3109429120147888		Not significant
791	2.9535972920277356	0.42557381720710497		Not significant
792	-2.3318411153630625	0.37240868587635595		Not significant
793	34.642847287878986	0.3739009663000589		Not significant
794	1.9133273436655411	0.5082396335352589		Not significant
795	37.07587127875538	0.19237690973994512		Not significant
796	-6.132846995397189	0.27090847672379514		Not significant
797	-3.528605380772846	0.2876603759695565		Not significant
798	0.0			Not significant
799	-2.592381837716776	0.3341017610856304		Not significant
800	35.85295848527894	0.29048292299366124		Not significant
801	-4.195761101249947	0.32005292300048377		Not significant
802	-2.1033975031125416	0.49640648346552224		Not significant
803	-34.88378472413883	0.3739009663000589		Not significant
804	-1.4703824662259835	0.4603841276436671		Not significant
805	-3.555474189019757	0.2629484746245218		Not significant
806	-3.308242203544294	0.28301124351240803		Not significant
807	-3.849013138980873	0.29124063430092195		Not significant
808	37.63343685358551	0.3569421495140838		Not significant
809	37.78564830080666	0.3108582569028911		Not significant
810	38.58332576606603	0.3317783642066027		Not significant
811	38.63147858273383	0.34932326013077925		Not significant
812	38.072653437727965	0.3527665399614203		Not significant
813	-1.5453959370937802	0.3608838924370938		Not significant
814	38.1119925542613	0.03657124135971976		Up
815	-5.05505078507368	0.20709786302946326		Not significant
816	-1.322866739111803	0.40628953198698253		Not significant
817	-1.4750077153982188	0.3642193729698832		Not significant
818	-0.5171315421728443	0.46976840366727834		Not significant
819	-0.4668312052075222	0.5288985194960139		Not significant
820	-0.9718910409024446	0.5470729842933313		Not significant
821	-1.209509812621499	0.47873686896535333		Not significant
822	37.45470164598791	0.04088074906029944		Up
823	38.46562380932716	0.2501083886906193		Not significant
824	38.788847104311444	0.2976439121820729		Not significant
825	38.66557628431652	0.2768212596897409		Not significant
826	38.34422363425922	0.3098839320839127		Not significant
827	38.841082845541656	0.24767096296753197		Not significant
828	38.74605602188834	0.20280780695988979		Not significant
829	36.70678925063163	0.028044978092269544		Up
830	37.77067511258968	0.2537602253021514		Not significant
831	37.09226104723247	0.3422410828965287		Not significant
832	37.76528430620939	0.3231191901871087		Not significant
833	37.632034787303304	0.36695440291651216		Not significant
834	37.5742801639499	0.2965555212427583		Not significant
835	37.208191956684956	0.33787555009170145		Not significant
836	38.02420595720072	0.2704490284764047		Not significant
837	38.47965754515764	0.30289250667117135		Not significant
838	10.519981119579063	0.2867299949615942		Not significant
839	9.993980120321071	0.17524610274827107		Not significant
840	8.656334976710632	0.11557374939609913		Not significant
841	6.4869718522776285	0.17893098694860757		Not significant
842	38.466974385044956	0.24845836269550473		Not significant
843	39.39763841043985	0.16427272348325522		Not significant
844	35.83405032111106	0.10165554529937464		Not significant
845	37.31833259721014	0.3739009663000589		Not significant
846	37.67374966890883	0.14913589172902617		Not significant
847	37.5142467834578	0.27650945070699884		Not significant
848	38.390758282947075	0.24549885753773212		Not significant
849	39.301483367397104	0.1772952338913294		Not significant
850	39.106349966414584	0.17278964337772773		Not significant
851	39.115033938448974	0.16124510015634247		Not significant
852	39.29023615736453	0.1510125943958212		Not significant
853	39.07981597090728	0.21443715294173268		Not significant
854	39.17468523543231	0.14740926730445886		Not significant
855	38.11392797347164	0.31211159358265755		Not significant
856	35.91527755982216	0.11777304926192274		Not significant
857	36.32967053116248	0.11886037957553773		Not significant
858	35.46061196140155	0.2097951281587976		Not significant
859	36.64367036848225	0.17360934075547582		Not significant
860	36.897024002275984	0.1952980826070333		Not significant
861	37.85524544222875	0.11159421151257519		Not significant
862	37.01802077096806	0.15691326453409146		Not significant
863	36.89349672376246	0.14064562438628966		Not significant
864	38.06138778421408	0.04569850442328986		Up
865	37.62373167098432	0.15619424577979488		Not significant
866	38.634930051627805	0.1696257696393283		Not significant
867	37.91293824492043	0.1484725245336503		Not significant
868	37.98711687059273	0.15296717958072997		Not significant
869	39.207452285686536	0.11991863064634664		Not significant
870	39.17753124759893	0.112153714773093		Not significant
871	38.5336144158505	0.1430945574869492		Not significant
872	38.43508411684981	0.2273353184203742		Not significant
873	37.41826755266551	0.3626113107592761		Not significant
874	0.0			Not significant
875	0.0			Not significant
876	0.0			Not significant
877	0.0			Not significant
878	39.68479714892825	0.1439354046439709		Not significant
879	39.37608802495955	0.10375760662991045		Not significant
880	39.690553996005264	0.1358467547464323		Not significant
881	39.175914596441864	0.10584479079241145		Not significant
882	39.651437057360155	0.12747744622820145		Not significant
883	38.78095041119133	0.10736201802293327		Not significant
884	39.57602353290083	0.12115342842045262		Not significant
885	39.42214474375638	0.11503345693401647		Not significant
886	39.345764033201455	0.11920520085971213		Not significant
887	39.21313125420271	0.11606212026199009		Not significant
888	38.53279916467928	0.11234669489831607		Not significant
889	0.0			Not significant
890	0.0			Not significant
891	39.81252893925846	0.10375292375619415		Not significant
892	8.26166587956765	0.09855082382270933		Not significant
893	39.02926381821407	0.08784577378758471		Not significant
894	34.87601397374477	0.17447258526872156		Not significant
895	35.63564124375844	0.14366381654584817		Not significant
896	36.3333752353867	0.13027695323195512		Not significant
897	36.91466018699679	0.1295231325660826		Not significant
898	37.56600095829981	0.1237108799862038		Not significant
899	35.628151379935936	0.1321843201717898		Not significant
900	36.15550798124159	0.13447488865960847		Not significant
901	37.88241854316453	0.12339111307065398		Not significant
902	36.86994737230265	0.12040632645282645		Not significant
903	35.999896214611375	0.12292875795805552		Not significant
904	0.0			Not significant
905	0.0			Not significant
906	39.24563889901951	0.1098670722406114		Not significant
907	39.252307900128805	0.0972037107572911		Not significant
908	38.18046829299337	0.0833024945436244		Not significant
909	35.31359022156238	0.12943731024883587		Not significant
910	34.88489512542863	0.1793196974590233		Not significant
911	34.30295363675111	0.3739009663000589		Not significant
912	2.875929435341455	0.44031065386100166		Not significant
913	36.453411758474594	0.32531578266764916		Not significant
914	38.729125633625465	0.09632109158469136		Not significant
915	36.11713705116224	0.20344179672406026		Not significant
916	38.145064002321405	0.14723285215841753		Not significant
917	37.000736943788596	0.18465169627117028		Not significant
918	0.2049881122522191	0.9147861630792207		Not significant
919	-2.0545651163100853	0.501363807239962		Not significant
920	36.69473644657515	0.19499103107111843		Not significant
921	39.394906543067286	0.11742094255596111		Not significant
922	37.002129790142035	0.1692420477289248		Not significant
923	38.76011928178332	0.17161708760814612		Not significant
924	36.39657455412223	0.13504084545469439		Not significant
925	37.006785396598836	0.20947166399769743		Not significant
926	37.77356680278294	0.18819589932677916		Not significant
927	-40.75776324113247	0.373900966300059		Not significant
928	39.22907373584034	0.2529399542175296		Not significant
929	0.0			Not significant
930	0.0			Not significant
931	40.60138976388719	0.373900966300059		Not significant
932	37.06083769866244	0.24568769975608176		Not significant
933	37.350263475927825	0.25978421651678707		Not significant
934	39.469886870790845	0.14746918472201662		Not significant
935	37.41455058286512	0.2607875640439592		Not significant
936	38.0457859894216	0.1483526641118473		Not significant
937	37.45492729517849	0.16859084317441922		Not significant
938	36.051750714816826	0.12121710630132912		Not significant
939	0.0			Not significant
940	0.0			Not significant
941	0.0			Not significant
942	38.664827337180434	0.12011918849267081		Not significant
943	36.34375064415538	0.16618448020639776		Not significant
944	36.6035679148849	0.18530944110726827		Not significant
945	36.630947894889985	0.17273716495433444		Not significant
946	36.26212594235418	0.13423500286569479		Not significant
947	-1.075461541907481	0.5394055456273308		Not significant
948	35.837194609055395	0.145989244161473		Not significant
949	-2.3043368948145844	0.061021814082646064		Not significant
950	-3.12846919624243	0.020387482810929298		Down
951	-1.9058350939923627	0.2632309826547671		Not significant
952	-2.884731268183848	0.43985980043987744		Not significant
953	-41.07976014027091	0.3739009663000589		Not significant
954	-40.074115596150364	0.373900966300059		Not significant
955	-40.18253001953205	0.3739009663000589		Not significant
956	34.67364543320248	0.15647194848628032		Not significant
957	-1.5200895048753582	0.5718039809176568		Not significant
958	-3.1139687015765576	0.4292033976864303		Not significant
959	35.80903138286838	0.19373183230116417		Not significant
960	36.56515211197111	0.18255503892874145		Not significant
961	-3.1722760725743977	0.4267982637268476		Not significant
962	36.01312256206697	0.28180127000193905		Not significant
963	37.1980705000158	0.16632928312472825		Not significant
964	37.63864077329907	0.1588560648924249		Not significant
965	36.25998535531515	0.17640786396408867		Not significant
966	37.419991503465056	0.21234800612379237		Not significant
967	37.93409273457172	0.16242177161314544		Not significant
968	0.0			Not significant
969	6.754699192159539	0.2153440516377407		Not significant
970	5.78894371622161	0.1748066451236343		Not significant
971	5.4829298477946375	0.16248353649792688		Not significant
972	6.331019091861524	0.1796850234754148		Not significant
973	39.1019879807517	0.16812608842609583		Not significant
974	5.106600397961812	0.11739642404502011		Not significant
975	5.093543360538066	0.15002330466776667		Not significant
976	-40.44059339223335	0.1508870350133022		Not significant
977	5.130755717380267	0.15166115486590423		Not significant
978	4.9073275492262285	0.12598665312482707		Not significant
979	5.260391980171196	0.15159526989081443		Not significant
980	0.0			Not significant
981	4.852518630633769	0.14551828839470252		Not significant
982	4.559878404630202	0.1378094726467443		Not significant
983	4.703106753092063	0.12796156428557884		Not significant
984	4.615087928131469	0.13138455455517115		Not significant
985	38.7048134946695	0.12517768984256497		Not significant
986	-38.51204405090588	0.3739009663000589		Not significant
987	0.0			Not significant
988	37.096757539353426	0.11616219036591476		Not significant
989	0.0			Not significant
990	0.0			Not significant
991	0.0			Not significant
992	-4.334044920368538	0.3911126570818441		Not significant
993	37.13927707159079	0.12223183685587555		Not significant
994	6.125439390321703	0.12316802761211801		Not significant
995	5.317536663616975	0.11382180174839213		Not significant
996	5.315593633298996	0.1340795140614499		Not significant
997	37.46713695856181	0.15117827955217208		Not significant
998	6.552579665871208	0.13333089507549203		Not significant
